seed,experiment,model,mode,val_acc,val_f1,test_acc,test_f1,gen_gap_acc,gen_gap_f1,future_retention_pct,best_epoch,epochs_run,train_minutes,summary_path
42,experiment_seed_42,resnet50,full,92.632,92.465,47.35,45.117,45.282,47.348,48.79,11,15,12.67,R:\Anti gravity\Rice Disease Project\results\experiment_seed_42\resnet50_full\summary.json
42,experiment_seed_42,resnet50,partial,81.427,81.342,39.95,39.252,41.477,42.089,48.26,13,15,6.17,R:\Anti gravity\Rice Disease Project\results\experiment_seed_42\resnet50_partial\summary.json
42,experiment_seed_42,densenet121,full,93.016,93.027,47.175,44.485,45.841,48.542,47.82,14,15,20.75,R:\Anti gravity\Rice Disease Project\results\experiment_seed_42\densenet121_full\summary.json
42,experiment_seed_42,densenet121,partial,74.674,73.967,36.575,35.992,38.099,37.975,48.66,11,15,8.9,R:\Anti gravity\Rice Disease Project\results\experiment_seed_42\densenet121_partial\summary.json
42,experiment_seed_42,efficientnet_b0,full,92.402,92.248,48.0,45.247,44.402,47.001,49.05,11,15,9.72,R:\Anti gravity\Rice Disease Project\results\experiment_seed_42\efficientnet_b0_full\summary.json
42,experiment_seed_42,efficientnet_b0,partial,78.972,78.808,37.375,34.441,41.597,44.367,43.7,13,15,5.9,R:\Anti gravity\Rice Disease Project\results\experiment_seed_42\efficientnet_b0_partial\summary.json
42,experiment_seed_42,dinov2,full,85.879,85.577,39.275,37.916,46.604,47.66,44.31,15,15,15.55,R:\Anti gravity\Rice Disease Project\results\experiment_seed_42\dinov2_full\summary.json
42,experiment_seed_42,dinov2,partial,82.655,82.312,50.875,47.86,31.78,34.452,58.14,6,11,4.79,R:\Anti gravity\Rice Disease Project\results\experiment_seed_42\dinov2_partial\summary.json
43,experiment_seed_43,resnet50,full,93.553,93.431,46.025,44.841,47.528,48.59,47.99,11,15,12.78,R:\Anti gravity\Rice Disease Project\results\experiment_seed_43\resnet50_full\summary.json
43,experiment_seed_43,resnet50,partial,80.967,80.723,40.9,39.738,40.067,40.984,49.23,13,15,5.86,R:\Anti gravity\Rice Disease Project\results\experiment_seed_43\resnet50_partial\summary.json
43,experiment_seed_43,densenet121,full,92.556,92.539,49.3,46.431,43.256,46.108,50.17,14,15,19.64,R:\Anti gravity\Rice Disease Project\results\experiment_seed_43\densenet121_full\summary.json
43,experiment_seed_43,densenet121,partial,74.827,73.928,38.05,37.158,36.777,36.769,50.26,8,13,6.84,R:\Anti gravity\Rice Disease Project\results\experiment_seed_43\densenet121_partial\summary.json
43,experiment_seed_43,efficientnet_b0,full,92.479,92.283,46.375,42.846,46.104,49.437,46.43,15,15,9.46,R:\Anti gravity\Rice Disease Project\results\experiment_seed_43\efficientnet_b0_full\summary.json
43,experiment_seed_43,efficientnet_b0,partial,79.125,78.898,36.4,33.569,42.725,45.329,42.55,11,15,5.51,R:\Anti gravity\Rice Disease Project\results\experiment_seed_43\efficientnet_b0_partial\summary.json
43,experiment_seed_43,dinov2,full,85.649,85.469,39.025,38.645,46.624,46.824,45.22,15,15,14.96,R:\Anti gravity\Rice Disease Project\results\experiment_seed_43\dinov2_full\summary.json
43,experiment_seed_43,dinov2,partial,82.041,81.558,49.775,46.47,32.266,35.087,56.98,12,15,5.99,R:\Anti gravity\Rice Disease Project\results\experiment_seed_43\dinov2_partial\summary.json
44,experiment_seed_44,resnet50,full,93.553,93.483,46.35,43.977,47.203,49.507,47.04,13,15,12.84,R:\Anti gravity\Rice Disease Project\results\experiment_seed_44\resnet50_full\summary.json
44,experiment_seed_44,resnet50,partial,81.427,81.318,40.675,39.631,40.752,41.687,48.74,11,15,5.84,R:\Anti gravity\Rice Disease Project\results\experiment_seed_44\resnet50_partial\summary.json
44,experiment_seed_44,densenet121,full,92.786,92.788,49.075,46.356,43.711,46.433,49.96,12,15,19.41,R:\Anti gravity\Rice Disease Project\results\experiment_seed_44\densenet121_full\summary.json
44,experiment_seed_44,densenet121,partial,74.751,74.056,40.0,38.633,34.751,35.423,52.17,9,14,7.34,R:\Anti gravity\Rice Disease Project\results\experiment_seed_44\densenet121_partial\summary.json
44,experiment_seed_44,efficientnet_b0,full,92.325,92.201,46.7,44.992,45.625,47.209,48.8,14,15,9.41,R:\Anti gravity\Rice Disease Project\results\experiment_seed_44\efficientnet_b0_full\summary.json
44,experiment_seed_44,efficientnet_b0,partial,79.279,79.025,35.65,32.501,43.629,46.524,41.13,10,15,5.57,R:\Anti gravity\Rice Disease Project\results\experiment_seed_44\efficientnet_b0_partial\summary.json
44,experiment_seed_44,dinov2,full,85.342,85.053,37.3,37.293,48.042,47.761,43.85,15,15,14.94,R:\Anti gravity\Rice Disease Project\results\experiment_seed_44\dinov2_full\summary.json
44,experiment_seed_44,dinov2,partial,82.502,82.035,50.35,47.891,32.152,34.144,58.38,6,11,4.62,R:\Anti gravity\Rice Disease Project\results\experiment_seed_44\dinov2_partial\summary.json
45,experiment_seed_45,resnet50,full,92.786,92.696,45.575,42.711,47.211,49.985,46.08,15,15,12.83,R:\Anti gravity\Rice Disease Project\results\experiment_seed_45\resnet50_full\summary.json
45,experiment_seed_45,resnet50,partial,81.12,80.922,40.575,39.727,40.545,41.196,49.09,14,15,5.92,R:\Anti gravity\Rice Disease Project\results\experiment_seed_45\resnet50_partial\summary.json
45,experiment_seed_45,densenet121,full,92.556,92.634,44.875,42.985,47.681,49.649,46.4,12,15,19.73,R:\Anti gravity\Rice Disease Project\results\experiment_seed_45\densenet121_full\summary.json
45,experiment_seed_45,densenet121,partial,74.674,73.954,38.75,37.343,35.924,36.612,50.49,13,15,7.9,R:\Anti gravity\Rice Disease Project\results\experiment_seed_45\densenet121_partial\summary.json
45,experiment_seed_45,efficientnet_b0,full,92.172,91.821,48.55,45.564,43.622,46.258,49.62,8,13,8.14,R:\Anti gravity\Rice Disease Project\results\experiment_seed_45\efficientnet_b0_full\summary.json
45,experiment_seed_45,efficientnet_b0,partial,78.972,78.724,36.4,33.437,42.572,45.287,42.47,12,15,5.58,R:\Anti gravity\Rice Disease Project\results\experiment_seed_45\efficientnet_b0_partial\summary.json
45,experiment_seed_45,dinov2,full,85.802,85.558,39.45,39.169,46.352,46.389,45.78,14,15,14.93,R:\Anti gravity\Rice Disease Project\results\experiment_seed_45\dinov2_full\summary.json
45,experiment_seed_45,dinov2,partial,82.195,81.785,49.95,48.131,32.245,33.654,58.85,10,15,5.97,R:\Anti gravity\Rice Disease Project\results\experiment_seed_45\dinov2_partial\summary.json
46,experiment_seed_46,resnet50,full,93.246,93.107,47.55,44.451,45.696,48.656,47.74,15,15,12.83,R:\Anti gravity\Rice Disease Project\results\experiment_seed_46\resnet50_full\summary.json
46,experiment_seed_46,resnet50,partial,81.12,80.856,40.625,39.561,40.495,41.295,48.93,15,15,5.87,R:\Anti gravity\Rice Disease Project\results\experiment_seed_46\resnet50_partial\summary.json
46,experiment_seed_46,densenet121,full,92.863,92.862,46.25,44.165,46.613,48.697,47.56,14,15,19.03,R:\Anti gravity\Rice Disease Project\results\experiment_seed_46\densenet121_full\summary.json
46,experiment_seed_46,densenet121,partial,73.983,73.037,37.85,36.838,36.133,36.199,50.44,10,15,7.43,R:\Anti gravity\Rice Disease Project\results\experiment_seed_46\densenet121_partial\summary.json
46,experiment_seed_46,efficientnet_b0,full,92.325,92.212,48.025,45.105,44.3,47.107,48.91,9,14,8.51,R:\Anti gravity\Rice Disease Project\results\experiment_seed_46\efficientnet_b0_full\summary.json
46,experiment_seed_46,efficientnet_b0,partial,78.895,78.7,36.6,33.524,42.295,45.176,42.6,15,15,5.08,R:\Anti gravity\Rice Disease Project\results\experiment_seed_46\efficientnet_b0_partial\summary.json
46,experiment_seed_46,dinov2,full,84.804,84.496,38.775,38.641,46.029,45.855,45.73,14,15,14.9,R:\Anti gravity\Rice Disease Project\results\experiment_seed_46\dinov2_full\summary.json
46,experiment_seed_46,dinov2,partial,80.66,80.184,51.275,49.672,29.385,30.512,61.95,3,8,3.55,R:\Anti gravity\Rice Disease Project\results\experiment_seed_46\dinov2_partial\summary.json
47,experiment_seed_47,resnet50,full,93.246,93.115,49.0,46.672,44.246,46.442,50.12,14,15,12.77,R:\Anti gravity\Rice Disease Project\results\experiment_seed_47\resnet50_full\summary.json
47,experiment_seed_47,resnet50,partial,80.89,80.722,39.8,38.351,41.09,42.371,47.51,9,14,5.32,R:\Anti gravity\Rice Disease Project\results\experiment_seed_47\resnet50_partial\summary.json
47,experiment_seed_47,densenet121,full,92.786,92.734,49.525,48.282,43.261,44.452,52.07,14,15,18.89,R:\Anti gravity\Rice Disease Project\results\experiment_seed_47\densenet121_full\summary.json
47,experiment_seed_47,densenet121,partial,74.52,73.723,33.425,34.575,41.095,39.148,46.9,7,12,6.08,R:\Anti gravity\Rice Disease Project\results\experiment_seed_47\densenet121_partial\summary.json
47,experiment_seed_47,efficientnet_b0,full,92.709,92.588,48.025,45.102,44.684,47.486,48.71,14,15,9.03,R:\Anti gravity\Rice Disease Project\results\experiment_seed_47\efficientnet_b0_full\summary.json
47,experiment_seed_47,efficientnet_b0,partial,79.662,79.543,34.525,31.779,45.137,47.764,39.95,9,14,4.8,R:\Anti gravity\Rice Disease Project\results\experiment_seed_47\efficientnet_b0_partial\summary.json
47,experiment_seed_47,dinov2,full,84.958,84.73,37.35,37.222,47.608,47.509,43.93,15,15,14.92,R:\Anti gravity\Rice Disease Project\results\experiment_seed_47\dinov2_full\summary.json
47,experiment_seed_47,dinov2,partial,82.732,82.318,48.775,44.872,33.957,37.446,54.51,9,14,5.55,R:\Anti gravity\Rice Disease Project\results\experiment_seed_47\dinov2_partial\summary.json
48,experiment_seed_48,resnet50,full,93.246,93.1,46.525,42.573,46.721,50.527,45.73,15,15,12.76,R:\Anti gravity\Rice Disease Project\results\experiment_seed_48\resnet50_full\summary.json
48,experiment_seed_48,resnet50,partial,80.507,80.392,40.15,39.001,40.357,41.391,48.51,9,14,5.31,R:\Anti gravity\Rice Disease Project\results\experiment_seed_48\resnet50_partial\summary.json
48,experiment_seed_48,densenet121,full,93.553,93.45,47.575,44.495,45.978,48.955,47.61,15,15,19.08,R:\Anti gravity\Rice Disease Project\results\experiment_seed_48\densenet121_full\summary.json
48,experiment_seed_48,densenet121,partial,74.904,74.127,37.4,36.279,37.504,37.847,48.94,14,15,7.41,R:\Anti gravity\Rice Disease Project\results\experiment_seed_48\densenet121_partial\summary.json
48,experiment_seed_48,efficientnet_b0,full,92.556,92.54,48.6,45.931,43.956,46.609,49.63,14,15,9.05,R:\Anti gravity\Rice Disease Project\results\experiment_seed_48\efficientnet_b0_full\summary.json
48,experiment_seed_48,efficientnet_b0,partial,78.741,78.505,36.65,33.522,42.091,44.983,42.7,15,15,5.08,R:\Anti gravity\Rice Disease Project\results\experiment_seed_48\efficientnet_b0_partial\summary.json
48,experiment_seed_48,dinov2,full,86.723,86.516,39.375,38.922,47.348,47.595,44.99,15,15,14.9,R:\Anti gravity\Rice Disease Project\results\experiment_seed_48\dinov2_full\summary.json
48,experiment_seed_48,dinov2,partial,81.888,81.46,50.3,46.983,31.588,34.477,57.68,11,15,5.92,R:\Anti gravity\Rice Disease Project\results\experiment_seed_48\dinov2_partial\summary.json
49,experiment_seed_49,resnet50,full,93.17,93.209,46.8,43.138,46.37,50.071,46.28,11,15,12.76,R:\Anti gravity\Rice Disease Project\results\experiment_seed_49\resnet50_full\summary.json
49,experiment_seed_49,resnet50,partial,80.43,80.285,40.325,39.576,40.105,40.709,49.29,12,15,5.64,R:\Anti gravity\Rice Disease Project\results\experiment_seed_49\resnet50_partial\summary.json
49,experiment_seed_49,densenet121,full,92.863,92.856,46.425,44.968,46.438,47.888,48.43,13,15,18.99,R:\Anti gravity\Rice Disease Project\results\experiment_seed_49\densenet121_full\summary.json
49,experiment_seed_49,densenet121,partial,75.518,74.774,33.625,33.12,41.893,41.654,44.29,10,15,7.38,R:\Anti gravity\Rice Disease Project\results\experiment_seed_49\densenet121_partial\summary.json
49,experiment_seed_49,efficientnet_b0,full,92.095,91.851,45.2,42.951,46.895,48.9,46.76,13,15,8.85,R:\Anti gravity\Rice Disease Project\results\experiment_seed_49\efficientnet_b0_full\summary.json
49,experiment_seed_49,efficientnet_b0,partial,79.586,79.483,36.425,33.744,43.161,45.739,42.45,12,15,5.08,R:\Anti gravity\Rice Disease Project\results\experiment_seed_49\efficientnet_b0_partial\summary.json
49,experiment_seed_49,dinov2,full,85.495,85.364,37.025,35.935,48.47,49.43,42.1,14,15,14.91,R:\Anti gravity\Rice Disease Project\results\experiment_seed_49\dinov2_full\summary.json
49,experiment_seed_49,dinov2,partial,82.195,81.65,49.675,46.678,32.52,34.972,57.17,12,15,5.9,R:\Anti gravity\Rice Disease Project\results\experiment_seed_49\dinov2_partial\summary.json
50,experiment_seed_50,resnet50,full,93.17,93.051,45.325,42.336,47.845,50.714,45.5,15,15,12.78,R:\Anti gravity\Rice Disease Project\results\experiment_seed_50\resnet50_full\summary.json
50,experiment_seed_50,resnet50,partial,81.197,81.025,40.025,38.624,41.172,42.401,47.67,11,15,5.63,R:\Anti gravity\Rice Disease Project\results\experiment_seed_50\resnet50_partial\summary.json
50,experiment_seed_50,densenet121,full,92.786,92.786,46.15,41.754,46.636,51.031,45.0,8,13,16.69,R:\Anti gravity\Rice Disease Project\results\experiment_seed_50\densenet121_full\summary.json
50,experiment_seed_50,densenet121,partial,75.211,74.489,38.325,37.806,36.886,36.684,50.75,11,15,7.36,R:\Anti gravity\Rice Disease Project\results\experiment_seed_50\densenet121_partial\summary.json
50,experiment_seed_50,efficientnet_b0,full,92.709,92.53,47.35,44.138,45.359,48.393,47.7,10,15,9.06,R:\Anti gravity\Rice Disease Project\results\experiment_seed_50\efficientnet_b0_full\summary.json
50,experiment_seed_50,efficientnet_b0,partial,79.662,79.399,36.1,33.173,43.562,46.226,41.78,10,15,5.17,R:\Anti gravity\Rice Disease Project\results\experiment_seed_50\efficientnet_b0_partial\summary.json
50,experiment_seed_50,dinov2,full,82.962,82.726,38.25,37.617,44.712,45.109,45.47,15,15,14.94,R:\Anti gravity\Rice Disease Project\results\experiment_seed_50\dinov2_full\summary.json
50,experiment_seed_50,dinov2,partial,82.809,82.38,49.9,46.197,32.909,36.184,56.08,11,15,5.9,R:\Anti gravity\Rice Disease Project\results\experiment_seed_50\dinov2_partial\summary.json
51,experiment_seed_51,resnet50,full,92.786,92.586,45.875,42.407,46.911,50.179,45.8,11,15,12.77,R:\Anti gravity\Rice Disease Project\results\experiment_seed_51\resnet50_full\summary.json
51,experiment_seed_51,resnet50,partial,80.737,80.701,39.7,38.901,41.037,41.8,48.2,8,13,5.02,R:\Anti gravity\Rice Disease Project\results\experiment_seed_51\resnet50_partial\summary.json
51,experiment_seed_51,densenet121,full,92.939,92.903,48.55,45.486,44.389,47.417,48.96,14,15,18.95,R:\Anti gravity\Rice Disease Project\results\experiment_seed_51\densenet121_full\summary.json
51,experiment_seed_51,densenet121,partial,75.748,75.125,38.55,37.059,37.198,38.066,49.33,10,15,7.32,R:\Anti gravity\Rice Disease Project\results\experiment_seed_51\densenet121_partial\summary.json
51,experiment_seed_51,efficientnet_b0,full,92.786,92.683,47.325,44.544,45.461,48.139,48.06,14,15,9.1,R:\Anti gravity\Rice Disease Project\results\experiment_seed_51\efficientnet_b0_full\summary.json
51,experiment_seed_51,efficientnet_b0,partial,78.665,78.483,36.525,33.541,42.14,44.942,42.74,15,15,5.16,R:\Anti gravity\Rice Disease Project\results\experiment_seed_51\efficientnet_b0_partial\summary.json
51,experiment_seed_51,dinov2,full,85.111,84.916,39.25,38.985,45.861,45.932,45.91,14,15,14.9,R:\Anti gravity\Rice Disease Project\results\experiment_seed_51\dinov2_full\summary.json
51,experiment_seed_51,dinov2,partial,82.195,81.696,49.875,46.369,32.32,35.327,56.76,10,15,5.9,R:\Anti gravity\Rice Disease Project\results\experiment_seed_51\dinov2_partial\summary.json
